tipo_documento,cedula,first_name,segundo_nombre,last_name,segundo_apellido,fecha_nacimiento,email,celular,telefono_casa,telefono_trabajo,nacionalidad,sexo,estado_civil,direccion,coordinador
V,10128767,Darcy,Allene,Cabane,Cotesford,1989-12-25,acotesford0@prlog.org,,,,Japanese,F,Soltero,Mandrake,False
V,14073022,Michael,Kalvin,Kubala,Nelsey,1989-01-17,knelsey1@cargocollective.com,,,,Ecuadorian,M,Soltero,Bartillon,True
V,23775543,Joly,Magdaia,Kerrod,Ebdin,1996-06-23,mebdin2@twitter.com,,,,Menominee,F,Soltero,Barby,False
V,20871011,Bentley,Claudianus,Bonicelli,Brounfield,1987-09-26,cbrounfield3@nsw.gov.au,,,,Paraguayan,M,Soltero,Carey,False
V,8134714,Pierson,Nealy,Lindelof,Croxall,1991-12-15,ncroxall4@youku.com,,,,Tohono O'Odham,M,Soltero,Fordem,False
V,15977986,Lisette,Kariotta,Jouhning,Howlings,1988-06-23,khowlings5@scribd.com,,,,Ottawa,F,Soltero,Mockingbird,False
V,12580883,Virgie,Ailey,Thomel,Achrameev,1989-02-27,aachrameev6@sciencedirect.com,,,,Apache,F,Soltero,Banding,True
V,12175706,Lida,Kenna,Engelbrecht,Mewha,1990-11-28,kmewha7@cdc.gov,,,,Aleut,F,Soltero,Bellgrove,True
V,20898456,Almire,Gertrud,Meffan,Tunnadine,1982-11-18,gtunnadine8@sciencedirect.com,,,,Filipino,F,Soltero,Ludington,False
V,23788391,Guillaume,Evelin,Taggart,McWard,1988-12-14,emcward9@usa.gov,,,,Colombian,M,Soltero,Fairview,True
V,13564903,Randy,Charlena,Vassie,Sivil,1995-03-02,csivila@hostgator.com,,,,Central American,F,Soltero,Dwight,False
V,24388973,Neron,Rollins,Benneyworth,Haydn,1985-11-16,rhaydnb@dion.ne.jp,,,,Ute,M,Soltero,Victoria,False
V,23328370,Laureen,Valida,Stacy,Sercombe,1976-11-02,vsercombec@nps.gov,,,,Uruguayan,F,Soltero,3rd,False
V,8382180,Sande,Brinn,Ordish,Swadlin,1994-08-26,bswadlind@nyu.edu,,,,Japanese,F,Soltero,Cordelia,True
V,10658740,Burch,Ringo,Shervil,Wedlock,1970-10-19,rwedlocke@microsoft.com,,,,Ecuadorian,M,Soltero,Maywood,True
V,14354145,Brion,Hallsy,Valentetti,Kimberley,1985-09-11,hkimberleyf@comcast.net,,,,Black or African American,M,Soltero,Lyons,False
V,12238507,Britni,Cassaundra,Bourgeois,Gauvain,1973-09-27,cgauvaing@4shared.com,,,,Malaysian,F,Soltero,Bluejay,False
V,13792378,Shaine,Tailor,Curnucke,Barlas,1975-05-10,tbarlash@i2i.jp,,,,Blackfeet,M,Soltero,Russell,False
V,12622138,Elvin,Jabez,Krout,Howel,1985-04-17,jhoweli@businesswire.com,,,,Blackfeet,M,Soltero,Dapin,False
V,11915854,Mildred,Cassandry,Camous,Gerrit,1994-10-24,cgerritj@state.gov,,,,White,F,Soltero,Claremont,False
